{
  "report": [
    {
      "name": "lwe_decrypt_128bit",
      "baseline_mean_us": 33.4579202315594,
      "current_mean_us": 27.794840638743164,
      "relative_change_pct": -16.9259761324749
    },
    {
      "name": "lwe_encrypt_128bit",
      "baseline_mean_us": 513.0528882361126,
      "current_mean_us": 373.0393597392959,
      "relative_change_pct": -27.290271959716744
    },
    {
      "name": "prove_range_8bits",
      "baseline_mean_us": 6490.2065,
      "current_mean_us": 8523.9415,
      "relative_change_pct": 31.335443641122986
    },
    {
      "name": "verify_range_8bits",
      "baseline_mean_us": 3.389291077961733,
      "current_mean_us": 3.028307811001414,
      "relative_change_pct": -10.650701242733302
    }
  ]
}